[{"id":"user-image-1024x1024bb.webp","publicUrl":"np://user.desktop.nicepage.com/Site_279627105/images/1024x1024bb.webp","size":9656,"fileName":"1024x1024bb.webp","name":"1024x1024bb","width":1024,"height":1024,"thumbnail":{"url":"np://user.desktop.nicepage.com/Site_279627105/images/1024x1024bb.webp","width":250,"height":250},"usages":["3713707"]},{"id":"user-image-1284x2778bb-2.webp","publicUrl":"np://user.desktop.nicepage.com/Site_279627105/images/1284x2778bb-2.webp","size":55936,"fileName":"1284x2778bb-2.webp","name":"1284x2778bb-2","width":1284,"height":2778,"thumbnail":{"url":"np://user.desktop.nicepage.com/Site_279627105/images/1284x2778bb-2.webp","width":116,"height":250},"usages":["3713707"]},{"id":"user-image-aig-ai20221111045-xl_TP_V4.webp","publicUrl":"np://user.desktop.nicepage.com/Site_279627105/images/aig-ai20221111045-xl_TP_V4.webp","size":112566,"fileName":"aig-ai20221111045-xl_TP_V4.webp","name":"aig-ai20221111045-xl_TP_V4","width":800,"height":1169,"thumbnail":{"url":"np://user.desktop.nicepage.com/Site_279627105/images/aig-ai20221111045-xl_TP_V4.webp","width":171,"height":250},"usages":["3713707"]},{"id":"user-image-pexels-photo-3593983-3.webp","publicUrl":"np://user.desktop.nicepage.com/Site_279627105/images/pexels-photo-3593983-3.webp","size":38478,"fileName":"pexels-photo-3593983-3.webp","name":"pexels-photo-3593983-3","width":2520,"height":1418,"thumbnail":{"url":"np://user.desktop.nicepage.com/Site_279627105/images/pexels-photo-3593983-3.webp","width":250,"height":141},"usages":["3713707"]}]