[{"id":"user-image-aig-ai20221111045-xl_TP_V4.webp","publicUrl":"np://user.desktop.nicepage.com/Site_2405004116/images/aig-ai20221111045-xl_TP_V4.webp","size":112566,"fileName":"aig-ai20221111045-xl_TP_V4.webp","name":"aig-ai20221111045-xl_TP_V4","width":800,"height":1169,"thumbnail":{"url":"np://user.desktop.nicepage.com/Site_2405004116/images/aig-ai20221111045-xl_TP_V4.webp","width":171,"height":250},"usages":["3713707"]},{"id":"user-image-pexels-photo-3593983-3.webp","publicUrl":"np://user.desktop.nicepage.com/Site_2405004116/images/pexels-photo-3593983-3.webp","size":38478,"fileName":"pexels-photo-3593983-3.webp","name":"pexels-photo-3593983-3","width":2520,"height":1418,"thumbnail":{"url":"np://user.desktop.nicepage.com/Site_2405004116/images/pexels-photo-3593983-3.webp","width":250,"height":141},"usages":["3713707"]},{"id":"user-image-2022-12-252.10.242.webp","publicUrl":"np://user.desktop.nicepage.com/Site_2405004116/images/2022-12-252.10.242.webp","size":25792,"fileName":"2022-12-252.10.242.webp","name":"2022-12-252.10.242","width":502,"height":1022,"thumbnail":{"url":"np://user.desktop.nicepage.com/Site_2405004116/images/2022-12-252.10.242.webp","width":123,"height":250},"usages":["3713707"]}]