[{"id":"user-image-980577_small500.jpg","publicUrl":"np://user.desktop.nicepage.com/Site_2405004116/images/980577_small500.jpg","size":28900,"fileName":"980577_small500.jpg","name":"980577_small500","width":500,"height":282,"thumbnail":{"url":"np://user.desktop.nicepage.com/Site_2405004116/images/thumbnails/980577_small500.jpg","width":250,"height":141},"usages":["3713707"]},{"id":"user-image-pexels-photo-3593983.jpeg","publicUrl":"np://user.desktop.nicepage.com/Site_2405004116/images/pexels-photo-3593983.jpeg","size":92512,"fileName":"pexels-photo-3593983.jpeg","name":"pexels-photo-3593983","width":2520,"height":1418,"thumbnail":{"url":"np://user.desktop.nicepage.com/Site_2405004116/images/thumbnails/pexels-photo-3593983.jpeg","width":250,"height":141},"usages":["3713707"]},{"id":"user-image-2022-12-252.10.24.webp","publicUrl":"np://user.desktop.nicepage.com/Site_2405004116/images/2022-12-252.10.24.webp","size":31158,"fileName":"2022-12-252.10.24.webp","name":"2022-12-252.10.24","width":251,"height":511,"thumbnail":{"url":"np://user.desktop.nicepage.com/Site_2405004116/images/2022-12-252.10.24.webp","width":123,"height":250},"usages":["3713707"]}]